{
  "1": {
    "diameter": 63.51506823,
    "min_x": -17.4958,
    "min_y": -17.4958,
    "min_z": -30.6,
    "size_x": 34.9916,
    "size_y": 34.9916,
    "size_z": 61.2
  },
  "2": {
    "diameter": 66.15122826,
    "min_x": -21.6448,
    "min_y": -21.6448,
    "min_z": -30.8511,
    "size_x": 43.2896,
    "size_y": 43.2896,
    "size_z": 61.7022
  },
  "3": {
    "diameter": 65.34913092,
    "min_x": -23.8837,
    "min_y": -23.8842,
    "min_z": -30.8351,
    "size_x": 47.7627,
    "size_y": 47.7616,
    "size_z": 61.6702
  },
  "4": {
    "diameter": 80.7257161,
    "min_x": -19.9978,
    "min_y": -19.9929,
    "min_z": -39,
    "size_x": 39.9956,
    "size_y": 39.9858,
    "size_z": 78
  },
  "5": {
    "diameter": 108.69029012,
    "min_x": -47.5,
    "min_y": -26.75,
    "min_z": -29.5,
    "size_x": 95,
    "size_y": 53.5,
    "size_z": 59
  },
  "6": {
    "diameter": 108.26538959,
    "min_x": -44.7,
    "min_y": -25,
    "min_z": -27.75,
    "size_x": 89.4,
    "size_y": 50,
    "size_z": 55.5
  },
  "7": {
    "diameter": 178.61505677,
    "min_x": -75,
    "min_y": -44.7,
    "min_z": -30.75,
    "size_x": 150,
    "size_y": 89.4,
    "size_z": 61.5
  },
  "8": {
    "diameter": 217.15571311,
    "min_x": -93.0393,
    "min_y": -52.6672,
    "min_z": -30.0073,
    "size_x": 186.0786,
    "size_y": 105.3344,
    "size_z": 60.0146
  },
  "9": {
    "diameter": 144.54589237,
    "min_x": -60.625,
    "min_y": -39.25,
    "min_z": -31.349,
    "size_x": 121.25,
    "size_y": 78.5,
    "size_z": 62.698
  },
  "10": {
    "diameter": 90.21117987,
    "min_x": -40.3299,
    "min_y": -21.0036,
    "min_z": -31.7513,
    "size_x": 80.6598,
    "size_y": 42.0072,
    "size_z": 63.5026
  },
  "11": {
    "diameter": 76.59775963,
    "min_x": -33.1456,
    "min_y": -24.121,
    "min_z": -27.65,
    "size_x": 66.2912,
    "size_y": 48.242,
    "size_z": 55.3
  },
  "12": {
    "diameter": 86.01091226,
    "min_x": -39.1656,
    "min_y": -28.8135,
    "min_z": -28.3,
    "size_x": 78.3312,
    "size_y": 57.627,
    "size_z": 56.6
  },
  "13": {
    "diameter": 58.12568405,
    "min_x": -19.9971,
    "min_y": -19.9943,
    "min_z": -23,
    "size_x": 39.9942,
    "size_y": 39.9886,
    "size_z": 46
  },
  "14": {
    "diameter": 71.94707377,
    "min_x": -22.0673,
    "min_y": -22.0673,
    "min_z": -32.55,
    "size_x": 44.1346,
    "size_y": 44.1346,
    "size_z": 65.1
  },
  "15": {
    "diameter": 68.56915513,
    "min_x": -22.2738,
    "min_y": -22.2771,
    "min_z": -27.5,
    "size_x": 44.5476,
    "size_y": 44.5542,
    "size_z": 55
  },
  "16": {
    "diameter": 69.18827982,
    "min_x": -27.6338,
    "min_y": -27.6317,
    "min_z": -23.5,
    "size_x": 55.2676,
    "size_y": 55.2634,
    "size_z": 47
  },
  "17": {
    "diameter": 112.83850368,
    "min_x": -53.8871,
    "min_y": -53.8816,
    "min_z": -30.05,
    "size_x": 107.7742,
    "size_y": 107.7632,
    "size_z": 60.1
  },
  "18": {
    "diameter": 110.9816044,
    "min_x": -49.3605,
    "min_y": -49.3694,
    "min_z": -31.8869,
    "size_x": 98.721,
    "size_y": 98.7388,
    "size_z": 63.7738
  },
  "19": {
    "diameter": 89.06885656,
    "min_x": -32.75,
    "min_y": -38.25,
    "min_z": -23.5,
    "size_x": 65.5,
    "size_y": 76.5,
    "size_z": 47
  },
  "20": {
    "diameter": 98.88869737,
    "min_x": -41.5,
    "min_y": -37.75,
    "min_z": -23.5,
    "size_x": 83,
    "size_y": 75.5,
    "size_z": 47
  },
  "21": {
    "diameter": 92.25267613,
    "min_x": -38.45,
    "min_y": -39.4891,
    "min_z": -21.5,
    "size_x": 76.9,
    "size_y": 78.9782,
    "size_z": 43
  },
  "22": {
    "diameter": 92.25272874,
    "min_x": -38.45,
    "min_y": -39.4891,
    "min_z": -21.9935,
    "size_x": 76.9,
    "size_y": 78.9782,
    "size_z": 43.987
  },
  "23": {
    "diameter": 142.58706091,
    "min_x": -68.9742,
    "min_y": -36.75,
    "min_z": -26.0326,
    "size_x": 137.9484,
    "size_y": 73.5,
    "size_z": 52.0652
  },
  "24": {
    "diameter": 84.73595592,
    "min_x": -21.4977,
    "min_y": -21.4985,
    "min_z": -40.3,
    "size_x": 42.9954,
    "size_y": 42.997,
    "size_z": 80.6
  },
  "25": {
    "diameter": 108.80143445,
    "min_x": -48,
    "min_y": -30.75,
    "min_z": -30.4006,
    "size_x": 96,
    "size_y": 61.5,
    "size_z": 60.8012
  },
  "26": {
    "diameter": 108.80143445,
    "min_x": -48,
    "min_y": -30.75,
    "min_z": -30.3927,
    "size_x": 96,
    "size_y": 61.5,
    "size_z": 60.7854
  },
  "27": {
    "diameter": 152.49545684,
    "min_x": -54.25,
    "min_y": -54.25,
    "min_z": -28,
    "size_x": 108.5,
    "size_y": 108.5,
    "size_z": 56
  },
  "28": {
    "diameter": 124.77833388,
    "min_x": -49.75,
    "min_y": -49.75,
    "min_z": -24.2,
    "size_x": 99.5,
    "size_y": 99.5,
    "size_z": 48.4
  },
  "29": {
    "diameter": 134.22748754,
    "min_x": -56.5,
    "min_y": -39,
    "min_z": -28.4,
    "size_x": 113,
    "size_y": 78,
    "size_z": 56.8
  },
  "30": {
    "diameter": 88.75383243,
    "min_x": -40,
    "min_y": -40,
    "min_z": -25.3,
    "size_x": 80,
    "size_y": 80,
    "size_z": 50.6
  }
}
