{
  "1": {"diameter": 54.92945976830897, "min_x": -21.149999618530273, "min_y": -21.149999618530273, "min_z": 0.0, "size_x": 46.099998474121094, "size_y": 42.29999923706055, "size_z": 10.80000114440918},
  "2": {"diameter": 64.1624594644251, "min_x": -21.100053787231445, "min_y": -21.100000381469727, "min_z": 0.0, "size_x": 48.45005798339844, "size_y": 42.20000076293945, "size_z": 42.0},
  "3": {"diameter": 66.61999748996972, "min_x": -12.894009590148926, "min_y": -12.892512321472168, "min_z": 0.0, "size_x": 25.78801918029785, "size_y": 25.785024642944336, "size_z": 66.5},
  "4": {"diameter": 16.615404028992913, "min_x": -7.999780178070068, "min_y": -7.99990177154541, "min_z": 0.0, "size_x": 15.999168395996094, "size_y": 15.99990177154541, "size_z": 5.0},
  "5": {"diameter": 54.657543212236575, "min_x": -21.149999618530273, "min_y": -21.149999618530273, "min_z": 0.0, "size_x": 42.29999923706055, "size_y": 42.29999923706055, "size_z": 10.850000381469727}
}